{
  "accuracy": 0.7789022966134683,
  "auc_macro": 0.920633595991062,
  "auc_scores": {
    "Normal": 0.8587637272308805,
    "Pneumonia": 0.9867152961980548,
    "Tuberculosis": 0.916421764544251
  },
  "f1_micro": 0.7789022966134683,
  "f1_macro": 0.7899667202481674,
  "f1_weighted": 0.777247506173582,
  "num_samples": 2569,
  "per_class": {
    "Normal": {
      "precision": 0.6534823731728289,
      "recall": 0.8216216216216217,
      "f1-score": 0.7279693486590039,
      "support": 925
    },
    "Pneumonia": {
      "precision": 0.7792732166890982,
      "recall": 0.9982758620689656,
      "f1-score": 0.8752834467120182,
      "support": 580
    },
    "Tuberculosis": {
      "precision": 0.9984917043740573,
      "recall": 0.6221804511278195,
      "f1-score": 0.76664736537348,
      "support": 1064
    }
  },
  "averages": {
    "macro": {
      "precision": 0.8104157647453282,
      "recall": 0.8140259782728023,
      "f1-score": 0.7899667202481674
    },
    "weighted": {
      "precision": 0.8247741667257845,
      "recall": 0.7789022966134683,
      "f1-score": 0.777247506173582
    }
  },
  "threshold_analysis": {
    "Normal": {
      "f1_optimal": {
        "threshold": 0.2698889970779419,
        "precision": 0.6215301286391334,
        "recall": 0.9924324324324324,
        "f1": 0.7643630260717201
      },
      "high_sensitivity": {
        "threshold": 0.2904324531555176,
        "description": "Use for screening (minimize false negatives)"
      },
      "high_specificity": {
        "threshold": 0.9,
        "description": "Use for confirmation (minimize false positives)"
      }
    },
    "Pneumonia": {
      "f1_optimal": {
        "threshold": 0.1765466183423996,
        "precision": 0.7785234899328859,
        "recall": 1.0,
        "f1": 0.8754716931907441
      },
      "high_sensitivity": {
        "threshold": 0.6768099069595337,
        "description": "Use for screening (minimize false negatives)"
      },
      "high_specificity": {
        "threshold": 0.6981200575828552,
        "description": "Use for confirmation (minimize false positives)"
      }
    },
    "Tuberculosis": {
      "f1_optimal": {
        "threshold": 0.24959500133991241,
        "precision": 0.7842205323193916,
        "recall": 0.775375939849624,
        "f1": 0.7797731518999718
      },
      "high_sensitivity": {
        "threshold": 0.09386258572340012,
        "description": "Use for screening (minimize false negatives)"
      },
      "high_specificity": {
        "threshold": 0.35991451144218445,
        "description": "Use for confirmation (minimize false positives)"
      }
    }
  }
}