{
  "train_loss": [
    5.717332360330322,
    3.94654184495899,
    3.0212696454894377,
    1.8374411180172354,
    1.1009271255867767,
    0.7358944722930777,
    0.6150451814624626,
    0.5841183453938211,
    0.5625378820164849,
    0.5557567080328348,
    0.5460579112661836,
    0.5457237751830911,
    0.5375883868882354
  ],
  "val_loss": [
    3.6918286494910717,
    3.081952115148306,
    2.4522688195109366,
    1.2683418087661267,
    0.8390190955251455,
    0.8330666109919548,
    0.6869201375171542,
    0.700269453600049,
    0.6946271188557148,
    0.6520431529730558,
    0.6597711766138673,
    0.6349343165755272,
    0.6325723141431808
  ],
  "train_f1": [
    0.5967148574698811,
    0.6461674906709575,
    0.6526167310963503,
    0.664093785491339,
    0.6821479349076199,
    0.7362092176595864,
    0.7781008007855297,
    0.7930829657359729,
    0.8035225631252643,
    0.8041213678238748,
    0.8123500316042129,
    0.8025872184283106,
    0.8065077316243157
  ],
  "val_f1": [
    0.6727444115248532,
    0.6846422973158347,
    0.6736604097772737,
    0.7177470062307111,
    0.7210386796085572,
    0.7790516899011871,
    0.7803009419387553,
    0.7672466023895702,
    0.7839180703476728,
    0.7811737950012277,
    0.7823586785284032,
    0.7830739525519107,
    0.7825943834247239
  ],
  "learning_rate": [
    0.0003999999999999997,
    0.0006999999999999949,
    0.001,
    0.000998894604918461,
    0.0009955833566366163,
    0.0001,
    0.0001,
    0.0001,
    0.0001,
    0.0001,
    0.0001,
    0.0001,
    0.0001
  ],
  "generalization_gap_loss": [
    -2.02550371083925,
    -0.8645897298106844,
    -0.5690008259785011,
    -0.5690993092511087,
    -0.2619080300616312,
    0.09717213869887709,
    0.07187495605469163,
    0.11615110820622787,
    0.1320892368392299,
    0.09628644494022098,
    0.11371326534768367,
    0.08921054139243612,
    0.09498392725494542
  ],
  "generalization_gap_f1": [
    -0.07602955405497214,
    -0.038474806644877235,
    -0.021043678680923383,
    -0.053653220739372065,
    -0.03889074470093723,
    -0.04284247224160076,
    -0.002200141153225643,
    0.025836363346402713,
    0.019604492777591465,
    0.022947572822647033,
    0.02999135307580969,
    0.0195132658763999,
    0.02391334819959179
  ],
  "backbone_lr": [
    null,
    null,
    null,
    null,
    null,
    0.0001,
    0.0001,
    0.0001,
    0.0001,
    0.0001,
    0.0001,
    0.0001,
    0.0001
  ],
  "classifier_lr": [
    null,
    null,
    null,
    null,
    null,
    0.001,
    0.001,
    0.001,
    0.001,
    0.001,
    0.001,
    0.001,
    0.001
  ],
  "gap_analysis": {
    "final_train_f1": 0.8065077316243157,
    "final_val_f1": 0.7825943834247239,
    "final_gap": 0.02391334819959179,
    "max_gap": 0.02999135307580969,
    "mean_gap": -0.010102170932112759,
    "gap_trend": "stable",
    "diagnosis": "HEALTHY: Good generalization with small gap",
    "recommendation": "Training is proceeding well"
  },
  "training_time_minutes": 66.90357096592585,
  "best_val_f1": 0.7839180703476728
}