{
  "train_loss": [
    5.676813833030737,
    3.976285226095077,
    2.99925534098361,
    1.8475614872896615,
    1.0917713652380943,
    0.7308133865279585,
    0.6162422788628203,
    0.5858792754499379,
    0.5653550168717971,
    0.559819800846267,
    0.5470378568194841,
    0.5468932309061149,
    0.540043981795393,
    0.5358541109752207,
    0.5350880329970836
  ],
  "val_loss": [
    4.025198864936828,
    3.0392577961087226,
    2.360539922863245,
    1.294875757396221,
    0.8886908434331418,
    0.815584110096097,
    0.7140856420621275,
    0.7109985195100308,
    0.6627007059752941,
    0.654453792795539,
    0.6889694012701512,
    0.6420014146715403,
    0.655289345793426,
    0.6414419237524271,
    0.664824590459466
  ],
  "train_f1": [
    0.5993498055609995,
    0.6497108333429297,
    0.6568382034566647,
    0.6626386870349775,
    0.6861769880017773,
    0.7387010790727491,
    0.7803633154200726,
    0.7940467351450664,
    0.8024410808364654,
    0.8046223626337845,
    0.8116905217699907,
    0.801713324294449,
    0.806591072741348,
    0.8089329014975807,
    0.8090825617594226
  ],
  "val_f1": [
    0.6684301139852492,
    0.6821083094621957,
    0.7110745430587918,
    0.7175541940166239,
    0.7374971448436846,
    0.7783065863381055,
    0.7788757338334124,
    0.7784517951961468,
    0.7824778549045147,
    0.7767324239250217,
    0.7837139638843557,
    0.7819272618069607,
    0.7837235052437371,
    0.7826447586102514,
    0.7832662290934517
  ],
  "learning_rate": [
    0.0003999999999999997,
    0.0006999999999999949,
    0.001,
    0.000998894604918461,
    0.0009955833566366163,
    0.0001,
    0.0001,
    0.0001,
    0.0001,
    0.0001,
    0.0001,
    0.0001,
    0.0001,
    0.0001,
    0.0001
  ],
  "generalization_gap_loss": [
    -1.6516149680939085,
    -0.9370274299863546,
    -0.6387154181203649,
    -0.5526857298934404,
    -0.2030805218049525,
    0.08477072356813853,
    0.0978433631993072,
    0.1251192440600929,
    0.09734568910349695,
    0.09463399194927191,
    0.14193154445066702,
    0.0951081837654254,
    0.11524536399803298,
    0.10558781277720641,
    0.12973655746238233
  ],
  "generalization_gap_f1": [
    -0.06908030842424973,
    -0.03239747611926602,
    -0.05423633960212715,
    -0.05491550698164638,
    -0.05132015684190727,
    -0.03960550726535639,
    0.0014875815866602915,
    0.015594939948919584,
    0.019963225931950657,
    0.027889938708762774,
    0.027976557885635023,
    0.019786062487488265,
    0.022867567497610874,
    0.02628814288732928,
    0.025816332665970942
  ],
  "backbone_lr": [
    null,
    null,
    null,
    null,
    null,
    0.0001,
    0.0001,
    0.0001,
    0.0001,
    0.0001,
    0.0001,
    0.0001,
    0.0001,
    0.0001,
    0.0001
  ],
  "classifier_lr": [
    null,
    null,
    null,
    null,
    null,
    0.001,
    0.001,
    0.001,
    0.001,
    0.001,
    0.001,
    0.001,
    0.001,
    0.001,
    0.001
  ],
  "gap_analysis": {
    "final_train_f1": 0.8090825617594226,
    "final_val_f1": 0.7832662290934517,
    "final_gap": 0.025816332665970942,
    "max_gap": 0.027976557885635023,
    "mean_gap": -0.00759232970894835,
    "gap_trend": "increasing",
    "diagnosis": "HEALTHY: Good generalization with small gap",
    "recommendation": "Training is proceeding well"
  },
  "training_time_minutes": 72.96767881711324,
  "best_val_f1": 0.7837139638843557
}